group_id,parent_sample_id,slab_sample_id,small_sample_id,large_sample_id
G01,CQ-1,PCQ-1,ZCQ-1,CQ-1
G02,GZ-1,PGZ-1,ZGZ-1,GZ-1
G03,YN-3,PYN-3,ZYN-3,YN-3
G04,SC-1,PSC-1,ZSC-1,SC-1
G05,SC-11,PSC-11,ZSC-11,SC-11
G06,SC-13,PSC-13,ZSC-13,SC-13
G07,SC-15,PSC-15,ZSC-15,SC-15
G08,SC-3,PSC-3,ZSC-3,SC-3
G09,SC-5,PSC-5,ZSC-5,SC-5
G10,SC-7,PSC-7,ZSC-7,SC-7
G11,SC-9,PSC-9,ZSC-9,SC-9
G12,SD-1,PSD-1,ZSD-1,SD-1
G13,SX-8,PSHX-1,ZSHX-1,SX-8
G14,SX-1,PSX-1,ZSX-1,SX-1
G15,SX-5,PSX-3,ZSX-3,SX-5
G16,YN-1,PYN-1,ZYN-1,YN-1
G17,YN-5,PYN-5,ZYN-5,YN-5
G18,CQ-3,PCQ-2,ZCQ-2-1,CQ-3
G19,CQ-5,PCQ-3,ZCQ-3-1,CQ-5
G20,FJ-1,PFJ-3,ZFJ-1,FJ-1
